Metric,Actual_Call,Synthetic_Call
Initial Cost,210.09959720160919,3754.9263044669324
Final Payoff,0.0,4069.60009765625
Profit/Loss,-210.09959720160919,314.6737931893176
Return on Capital (%),-100.0,8.380292119581032
