Metric,Actual_Call,Synthetic_Call
Initial Cost,597.9794107203954,3291.7391925106303
Final Payoff,0.0,4069.60009765625
Profit/Loss,-597.9794107203954,777.8609051456197
Return on Capital (%),-100.0,23.63069671240692
