Metric,Actual_Call,Synthetic_Call
Initial Cost,210.09960682520523,3754.926314090528
Final Payoff,0.0,4069.60009765625
Profit/Loss,-210.09960682520523,314.6737835657218
Return on Capital (%),-100.0,8.380291841810434
